{"cameraMode":{"drawMode":0,"name":"Shaded","section":"Shading Mode"},"sceneLighting":true,"audioPlay":false,"sceneViewState":{"showFog":true,"showMaterialUpdate":false,"showSkybox":true,"showFlares":true,"showImageEffects":true,"showParticleSystems":true},"in2DMode":false,"pivot":{"x":1036.9036865234375,"y":-189.5536346435547,"z":1029.9248046875},"rotation":{"x":-0.3406071960926056,"y":0.5581486225128174,"z":-0.2688024640083313,"w":-0.707269549369812},"size":2070.944580078125,"orthographic":false}